Date,Open Price,Close Price,High Price,Low Price,Volume
17-May-2012,38.00,38.00,38.00,38.00,0
18-May-2012,42.05,38.23,45.00,38.00,580587712
21-May-2012,36.53,34.03,36.66,33.00,168309824
22-May-2012,32.61,31.00,33.59,30.94,102053824
23-May-2012,31.37,32.00,32.50,31.36,73721136
24-May-2012,32.95,33.03,33.21,31.77,50275880
25-May-2012,32.90,31.91,32.95,31.11,37189632
29-May-2012,31.48,28.84,31.69,28.65,78060800
30-May-2012,28.69,28.19,29.55,27.86,57267868
31-May-2012,28.55,29.60,29.67,26.83,111639200
01-Jun-2012,28.89,27.72,29.15,27.39,41855500
04-Jun-2012,27.20,26.90,27.65,26.44,35230288
05-Jun-2012,26.70,25.87,27.76,25.75,42473264
06-Jun-2012,26.07,26.81,27.17,25.52,61487020
07-Jun-2012,27.00,26.31,27.35,26.15,26167756
08-Jun-2012,26.55,27.10,27.76,26.44,38033420
11-Jun-2012,27.18,27.00,28.07,26.83,28225888
12-Jun-2012,27.48,27.40,27.77,26.96,15822414
13-Jun-2012,27.66,27.27,28.10,27.10,17118672
14-Jun-2012,27.65,28.29,28.32,27.38,16854124
15-Jun-2012,28.50,30.01,30.10,28.35,43563740
18-Jun-2012,29.95,31.41,32.08,29.41,42978208
19-Jun-2012,31.53,31.91,32.18,30.70,30848912
20-Jun-2012,31.92,31.60,31.93,31.15,15558921
21-Jun-2012,31.67,31.84,32.50,31.51,21875228
22-Jun-2012,32.41,33.05,33.45,32.06,74833976
25-Jun-2012,32.86,32.06,33.02,31.55,24352818
26-Jun-2012,32.69,33.10,33.44,32.50,24858612
27-Jun-2012,32.46,32.23,32.90,31.90,28599506
28-Jun-2012,31.96,31.36,32.19,30.90,17713292
29-Jun-2012,31.92,31.09,31.99,30.76,19526824
02-Jul-2012,31.25,30.77,31.73,30.55,14131476
03-Jul-2012,30.91,31.20,31.44,30.80,8765498
05-Jul-2012,31.32,31.47,31.62,31.02,10036688
06-Jul-2012,31.44,31.73,31.90,31.26,10949006
09-Jul-2012,32.10,32.17,32.88,31.99,17785180
10-Jul-2012,32.43,31.47,32.48,31.16,14276996
11-Jul-2012,31.48,30.97,31.56,30.55,13027752
12-Jul-2012,30.70,30.81,31.40,30.60,11306636
13-Jul-2012,31.04,30.72,31.07,30.56,8117346
16-Jul-2012,30.50,28.25,30.50,28.21,24672074
17-Jul-2012,28.48,28.09,28.59,27.15,30438552
18-Jul-2012,28.31,29.11,29.29,28.15,16841780
19-Jul-2012,29.41,29.00,29.50,28.63,13685031
20-Jul-2012,29.00,28.76,29.47,28.72,11869046
23-Jul-2012,28.12,28.75,29.00,28.01,12393864
24-Jul-2012,28.82,28.45,29.45,28.10,11539799
25-Jul-2012,28.39,29.34,29.49,28.08,17230154
26-Jul-2012,27.75,26.84,28.23,26.73,64597376
27-Jul-2012,23.19,23.70,24.54,22.28,123098336
30-Jul-2012,24.00,23.15,24.04,23.03,29285896
31-Jul-2012,23.37,21.71,23.37,21.61,56179320
01-Aug-2012,21.50,20.88,21.58,20.84,44604364
02-Aug-2012,20.77,20.04,20.84,19.82,56374436
03-Aug-2012,20.36,21.09,22.16,19.90,80646976
06-Aug-2012,21.39,21.92,22.15,21.30,27778038
07-Aug-2012,22.20,20.72,22.45,20.50,36782828
08-Aug-2012,20.71,20.72,21.15,20.22,29537376
09-Aug-2012,20.75,21.01,21.17,20.61,15618515
10-Aug-2012,21.41,21.81,21.82,21.13,25794672
13-Aug-2012,22.15,21.60,22.45,21.40,24972972
14-Aug-2012,21.41,20.38,21.60,20.25,39308632
15-Aug-2012,20.64,21.20,21.41,20.40,47860768
16-Aug-2012,20.44,19.87,20.48,19.69,157554944
17-Aug-2012,20.00,19.05,20.08,19.00,129293344
20-Aug-2012,19.05,20.01,20.13,18.75,101186528
21-Aug-2012,19.58,19.16,19.98,19.09,70640464
22-Aug-2012,19.36,19.44,19.53,18.96,49892128
23-Aug-2012,19.50,19.44,19.73,19.36,32813310
24-Aug-2012,19.52,19.41,19.68,19.25,29622156
27-Aug-2012,19.49,19.15,19.53,19.10,20703908
28-Aug-2012,19.10,19.34,19.38,18.95,25425786
29-Aug-2012,19.32,19.10,19.38,19.07,16124625
30-Aug-2012,19.27,19.09,19.45,19.06,30647472
31-Aug-2012,18.68,18.06,18.70,18.03,58764168
04-Sep-2012,18.08,17.73,18.27,17.55,46622352
05-Sep-2012,18.27,18.58,18.75,18.18,60781720
06-Sep-2012,18.74,18.96,19.26,18.72,46066348
07-Sep-2012,19.10,18.98,19.42,18.78,36371696
10-Sep-2012,19.06,18.81,19.20,18.55,24797642
11-Sep-2012,18.92,19.43,19.58,18.85,50508128
12-Sep-2012,20.76,20.93,21.16,20.28,121584000
13-Sep-2012,20.95,20.71,21.48,20.61,65041524
14-Sep-2012,21.13,22.00,22.08,20.90,72819640
17-Sep-2012,22.67,21.52,22.75,21.50,50666448
18-Sep-2012,21.60,21.87,21.98,21.37,36760448
19-Sep-2012,21.99,23.29,23.37,21.77,78782784
20-Sep-2012,23.02,22.59,23.24,22.54,57248664
21-Sep-2012,22.97,22.86,23.24,22.60,51218096
24-Sep-2012,21.78,20.79,21.98,20.36,79105120
25-Sep-2012,21.20,20.28,21.21,20.22,46291656
26-Sep-2012,20.15,20.62,20.78,19.80,38271880
27-Sep-2012,20.99,20.32,21.00,20.16,30215820
28-Sep-2012,20.57,21.66,21.95,20.50,65485920
01-Oct-2012,22.08,21.99,22.59,21.73,51262680
02-Oct-2012,22.08,22.27,22.49,21.82,29341392
03-Oct-2012,22.30,21.83,22.49,21.80,32000080
04-Oct-2012,22.32,21.95,22.40,21.41,46894596
05-Oct-2012,21.49,20.91,21.63,20.88,40529224
08-Oct-2012,20.40,20.40,20.75,20.16,32236628
09-Oct-2012,20.39,20.23,20.55,19.97,27161736
10-Oct-2012,19.93,19.64,19.94,19.45,39321760
11-Oct-2012,19.88,19.75,19.96,19.61,21817228
12-Oct-2012,19.75,19.52,19.80,19.48,18809396
15-Oct-2012,19.68,19.52,19.88,19.49,20189668
16-Oct-2012,19.68,19.48,19.69,19.30,21834688
17-Oct-2012,19.50,19.88,20.48,19.37,44074432
18-Oct-2012,19.70,18.98,19.79,18.89,52157368
19-Oct-2012,19.00,19.00,19.06,18.80,34834948
22-Oct-2012,19.20,19.32,19.43,19.05,32447004
23-Oct-2012,19.25,19.50,19.80,19.10,78381104
24-Oct-2012,24.13,23.23,24.25,22.85,228949136
25-Oct-2012,23.29,22.56,23.31,22.47,76141920
26-Oct-2012,22.40,21.94,22.88,21.88,73259520
31-Oct-2012,20.82,21.11,21.50,20.73,99378184
01-Nov-2012,21.08,21.21,21.44,21.01,37713888
02-Nov-2012,21.26,21.18,21.69,21.07,38344332
05-Nov-2012,21.10,21.25,21.48,20.92,31806692
06-Nov-2012,21.24,21.17,21.37,20.99,29062642
07-Nov-2012,20.85,20.47,20.95,20.37,33396732
08-Nov-2012,20.52,19.99,20.73,19.98,34254536
09-Nov-2012,19.95,19.21,20.00,19.13,42295432
12-Nov-2012,19.15,20.07,20.17,18.87,67349112
13-Nov-2012,19.60,19.86,20.11,19.56,71775072
14-Nov-2012,20.10,22.36,22.50,19.93,229750912
15-Nov-2012,22.34,22.17,22.50,21.65,78857408
16-Nov-2012,22.25,23.56,23.93,22.18,107182168
19-Nov-2012,23.95,22.92,24.12,22.82,85021256
20-Nov-2012,22.73,23.10,23.90,22.70,46655292
21-Nov-2012,23.22,24.32,24.53,23.05,89862344
23-Nov-2012,24.58,24.00,24.68,23.88,29520312
26-Nov-2012,24.93,25.94,26.09,24.81,123862048
27-Nov-2012,26.04,26.15,26.50,25.46,85760072
28-Nov-2012,25.94,26.36,26.49,25.75,49205508
29-Nov-2012,26.50,27.32,27.52,26.16,88759064
30-Nov-2012,27.26,28.00,28.00,26.76,127049544
03-Dec-2012,28.00,27.04,28.88,26.98,123525096
04-Dec-2012,27.06,27.46,27.76,26.68,72912720
05-Dec-2012,27.75,27.71,27.90,27.26,58974840
06-Dec-2012,27.68,26.97,27.75,26.82,46001492
07-Dec-2012,27.07,27.49,27.78,26.84,51751808
10-Dec-2012,27.17,27.84,28.17,27.10,50608464
11-Dec-2012,28.07,27.98,28.24,27.66,77099032
12-Dec-2012,28.00,27.58,28.14,27.37,46704200
13-Dec-2012,27.59,28.24,28.75,27.43,81051552
14-Dec-2012,28.18,26.81,28.33,26.76,91631544
17-Dec-2012,26.77,26.75,27.00,26.32,57742404
18-Dec-2012,26.96,27.71,27.91,26.90,60512872
19-Dec-2012,27.83,27.41,28.22,26.95,61390120
20-Dec-2012,27.49,27.36,27.60,27.13,35574784
21-Dec-2012,26.66,26.26,27.01,26.12,54555184
24-Dec-2012,26.50,26.93,26.96,26.20,28230036
26-Dec-2012,27.03,26.51,27.18,26.38,33175320
27-Dec-2012,26.55,26.05,26.80,25.52,43481680
28-Dec-2012,25.48,25.91,26.11,25.15,56574796
31-Dec-2012,26.20,26.62,26.99,26.11,60374424
02-Jan-2013,27.44,28.00,28.18,27.42,69844976
03-Jan-2013,27.88,27.77,28.47,27.59,63140528
04-Jan-2013,28.01,28.76,28.93,27.83,72715352
07-Jan-2013,28.69,29.42,29.79,28.65,83781728
08-Jan-2013,29.51,29.06,29.60,28.86,45870932
09-Jan-2013,29.67,30.59,30.60,29.49,104787656
10-Jan-2013,30.60,31.30,31.45,30.28,95316368
11-Jan-2013,31.28,31.72,31.96,31.10,89597984
14-Jan-2013,32.08,30.95,32.21,30.62,98886856
15-Jan-2013,30.64,30.10,31.71,29.88,173242352
16-Jan-2013,30.21,29.85,30.35,29.53,75332648
17-Jan-2013,30.08,30.14,30.42,30.03,40256608
18-Jan-2013,30.31,29.66,30.44,29.27,49631496
22-Jan-2013,29.75,30.73,30.89,29.74,55243212
23-Jan-2013,31.10,30.82,31.50,30.80,48899740
24-Jan-2013,31.27,31.08,31.49,30.81,43845048
25-Jan-2013,31.41,31.54,31.93,31.13,54363552
28-Jan-2013,31.88,32.47,32.51,31.81,59681408
29-Jan-2013,32.00,30.79,32.07,30.71,72976496
30-Jan-2013,30.98,31.24,31.49,30.88,87682080
31-Jan-2013,29.15,30.98,31.47,28.74,190743616
01-Feb-2013,31.01,29.73,31.02,29.63,85856664
04-Feb-2013,29.06,28.11,29.20,28.01,92362184
05-Feb-2013,28.26,28.64,28.96,28.04,47948192
06-Feb-2013,28.74,29.05,29.29,28.66,38375744
07-Feb-2013,29.11,28.65,29.15,28.27,34540016
08-Feb-2013,28.89,28.55,29.17,28.51,37708728
11-Feb-2013,28.61,28.26,28.68,28.04,37361744
12-Feb-2013,27.67,27.37,28.16,27.10,93495632
13-Feb-2013,27.36,27.91,28.32,27.31,50163960
14-Feb-2013,28.02,28.50,28.63,28.01,35618412
15-Feb-2013,28.52,28.32,28.75,28.09,33096104
19-Feb-2013,28.23,28.93,29.08,28.12,49403248
20-Feb-2013,28.92,28.46,29.05,28.33,42095616
21-Feb-2013,28.28,27.28,28.55,27.15,49645936
22-Feb-2013,27.62,27.13,27.63,26.82,36338416
25-Feb-2013,27.16,27.27,27.64,27.15,34602904
26-Feb-2013,27.36,27.39,27.46,26.70,31610232
27-Feb-2013,27.34,26.87,27.34,26.63,44312896
28-Feb-2013,26.84,27.25,27.30,26.34,83019576
01-Mar-2013,27.05,27.78,28.12,26.81,54057632
04-Mar-2013,27.76,27.72,28.06,27.44,32391462
05-Mar-2013,27.88,27.52,28.18,27.21,40613712
06-Mar-2013,28.10,27.45,28.13,27.35,33524226
07-Mar-2013,27.57,28.58,28.67,27.47,74528440
08-Mar-2013,28.42,27.96,28.47,27.73,44196240
11-Mar-2013,28.01,28.14,28.64,27.83,35636220
12-Mar-2013,28.10,27.83,28.32,27.60,27555060
13-Mar-2013,27.62,27.08,27.65,26.92,39613132
14-Mar-2013,27.10,27.04,27.43,26.83,27640168
15-Mar-2013,27.03,26.65,27.06,26.56,31589924
18-Mar-2013,26.37,26.49,26.79,25.78,26650232
19-Mar-2013,26.53,26.55,26.90,26.21,25252602
20-Mar-2013,26.68,25.86,26.69,25.78,43991416
21-Mar-2013,25.66,25.74,26.11,25.56,24328822
22-Mar-2013,25.80,25.73,26.01,25.63,18454918
25-Mar-2013,25.75,25.13,25.80,25.08,39189776
26-Mar-2013,25.08,25.20,25.48,25.03,26952928
27-Mar-2013,25.00,26.09,26.28,24.72,52285576
28-Mar-2013,26.09,25.58,26.17,25.52,28579940
01-Apr-2013,25.63,25.53,25.89,25.28,22248236
02-Apr-2013,25.77,25.42,26.12,25.30,35144104
03-Apr-2013,25.83,26.25,26.39,25.70,48173108
04-Apr-2013,26.62,27.07,27.23,26.11,82000816
05-Apr-2013,26.86,27.39,27.80,26.61,64560720
08-Apr-2013,27.19,26.85,27.20,26.63,27252328
09-Apr-2013,26.58,26.59,26.89,26.42,21300086
10-Apr-2013,27.01,27.57,27.84,26.90,45935356
11-Apr-2013,27.48,28.02,28.10,27.25,33366696
12-Apr-2013,28.00,27.40,28.00,27.24,28691616
15-Apr-2013,27.16,26.52,27.48,26.36,30265466
16-Apr-2013,26.81,26.92,27.11,26.40,27393118
17-Apr-2013,26.65,26.62,27.20,26.39,26432636
18-Apr-2013,26.82,25.69,26.82,25.15,39055484
19-Apr-2013,25.62,25.73,25.96,25.33,20377512
22-Apr-2013,25.81,25.97,26.36,25.70,25682848
23-Apr-2013,26.22,25.98,26.33,25.77,25189528
24-Apr-2013,25.93,26.11,26.40,25.80,19727082
25-Apr-2013,26.07,26.14,26.40,26.00,17148176
26-Apr-2013,26.60,26.85,27.62,26.60,33009464
29-Apr-2013,27.16,26.98,27.41,26.86,29161504
30-Apr-2013,27.13,27.77,27.85,27.00,36239932
01-May-2013,27.85,27.43,27.92,27.31,64474320
02-May-2013,28.01,28.97,29.02,27.98,104248424
03-May-2013,29.04,28.31,29.07,28.15,58477672
06-May-2013,28.33,27.57,28.46,27.48,43913632
07-May-2013,27.55,26.89,27.85,26.85,41256060
08-May-2013,26.88,27.12,27.30,26.65,34650832
09-May-2013,27.08,27.04,27.55,26.85,33447950
10-May-2013,27.14,26.68,27.30,26.57,30842634
13-May-2013,26.60,26.82,27.33,26.53,29057196
14-May-2013,26.89,27.07,27.28,26.82,24923650
15-May-2013,26.92,26.60,26.99,26.40,30298560
16-May-2013,26.48,26.13,26.55,25.90,35503652
17-May-2013,26.40,26.25,26.60,26.20,29459956
20-May-2013,26.18,25.76,26.19,25.69,42396632
21-May-2013,25.87,25.66,26.08,25.59,26253232
22-May-2013,25.65,25.16,25.85,24.92,45308524
23-May-2013,24.80,25.06,25.53,24.77,37694488
24-May-2013,24.97,24.31,24.97,24.08,58709688
28-May-2013,24.54,24.10,24.54,23.92,50078080
29-May-2013,23.79,23.32,23.81,23.26,64234776
30-May-2013,24.13,24.55,24.78,23.93,60725092
31-May-2013,24.63,24.35,24.95,24.27,35921588
03-Jun-2013,24.26,23.85,24.32,23.71,35727752
04-Jun-2013,23.89,23.52,23.93,23.32,34796584
05-Jun-2013,23.35,22.90,23.70,22.79,53815924
06-Jun-2013,22.99,22.97,23.09,22.67,31256550
07-Jun-2013,23.03,23.29,23.40,22.86,38694368
10-Jun-2013,24.06,24.33,24.60,23.99,58377444
11-Jun-2013,24.03,24.03,24.35,24.00,29877948
12-Jun-2013,24.16,23.77,24.26,23.58,26436392
13-Jun-2013,23.72,23.73,23.83,23.26,31185228
14-Jun-2013,23.56,23.63,23.89,23.26,30668642
17-Jun-2013,23.91,24.02,24.25,23.75,33648664
18-Jun-2013,24.09,24.21,24.69,24.08,36706756
19-Jun-2013,24.20,24.31,25.19,24.10,31784404
20-Jun-2013,24.28,23.90,24.75,23.65,42765584
21-Jun-2013,24.59,24.53,24.70,24.05,45832848
24-Jun-2013,23.95,23.93,24.11,23.38,40608008
25-Jun-2013,24.14,24.25,24.43,24.04,24719448
26-Jun-2013,24.51,24.16,24.65,23.99,29887156
27-Jun-2013,24.24,24.66,24.84,24.21,34681412
28-Jun-2013,24.68,24.88,24.98,24.42,96772880
01-Jul-2013,24.97,24.81,25.06,24.62,20580496
02-Jul-2013,24.70,24.41,24.77,24.30,18394008
03-Jul-2013,24.22,24.52,24.71,24.15,10404332
05-Jul-2013,24.65,24.37,24.66,24.20,20221896
08-Jul-2013,24.47,24.71,25.04,24.42,27071584
09-Jul-2013,25.07,25.48,25.49,25.03,30383688
10-Jul-2013,25.58,25.80,25.83,25.47,26719268
11-Jul-2013,25.96,25.81,26.00,25.45,26773434
12-Jul-2013,25.74,25.91,25.93,25.55,16537540
15-Jul-2013,25.93,26.28,26.43,25.65,24232086
16-Jul-2013,26.39,26.32,26.75,26.01,30815154
17-Jul-2013,26.37,26.65,26.78,26.30,21516364
18-Jul-2013,26.75,26.18,26.77,26.12,24783804
19-Jul-2013,25.82,25.88,26.11,25.60,46543560
22-Jul-2013,25.99,26.05,26.13,25.72,27523612
23-Jul-2013,26.10,26.13,26.30,25.97,28219168
24-Jul-2013,26.32,26.51,26.53,26.05,82399728
25-Jul-2013,33.54,34.36,34.88,32.75,365845440
26-Jul-2013,33.77,34.01,34.73,33.56,136015904
29-Jul-2013,34.07,35.43,35.63,34.01,124863904
30-Jul-2013,35.65,37.63,37.96,35.32,173500144
31-Jul-2013,37.96,36.80,38.31,36.33,154811760
01-Aug-2013,37.30,37.49,38.29,36.92,106050648
02-Aug-2013,37.66,38.05,38.49,37.50,73043776
05-Aug-2013,38.43,39.19,39.32,38.25,79978344
06-Aug-2013,39.11,38.55,39.25,37.94,63936752
07-Aug-2013,38.61,38.87,38.94,37.70,68842352
08-Aug-2013,39.13,38.54,39.19,38.43,41278104
09-Aug-2013,38.59,38.50,38.74,38.01,43616392
12-Aug-2013,38.20,38.22,38.50,38.10,31146402
13-Aug-2013,38.24,37.02,38.32,36.77,65356440
14-Aug-2013,36.83,36.65,37.55,36.62,48411264
15-Aug-2013,36.36,36.56,37.07,36.02,56514284
16-Aug-2013,36.97,37.08,37.49,36.90,45827344
19-Aug-2013,37.43,37.81,38.28,37.14,57594596
20-Aug-2013,38.35,38.41,38.58,37.69,57977840
21-Aug-2013,38.38,38.32,38.85,38.15,46062176
22-Aug-2013,38.37,38.55,38.75,38.34,21921660
23-Aug-2013,39.00,40.55,40.63,38.93,86428160
26-Aug-2013,40.90,41.34,41.94,40.62,94139824
27-Aug-2013,40.68,39.64,41.20,39.42,72665464
28-Aug-2013,39.96,40.55,40.85,39.88,57883564
29-Aug-2013,40.89,41.28,41.78,40.80,58278376
30-Aug-2013,42.03,41.29,42.26,41.06,67711976
03-Sep-2013,41.84,41.87,42.17,41.51,48548496
04-Sep-2013,42.01,41.78,42.17,41.44,42293280
05-Sep-2013,41.79,42.66,42.76,41.77,49754232
06-Sep-2013,43.09,43.95,44.61,42.40,117130968
09-Sep-2013,44.36,44.04,44.79,43.70,75376896
10-Sep-2013,44.24,43.60,44.26,43.23,54319856
11-Sep-2013,43.39,45.04,45.09,43.11,71004072
12-Sep-2013,45.53,44.75,45.62,44.65,67652728
13-Sep-2013,45.04,44.31,45.08,43.93,52552536
16-Sep-2013,44.85,42.51,44.94,42.43,70316744
17-Sep-2013,42.50,45.07,45.44,42.43,91351792
18-Sep-2013,44.84,45.23,45.47,44.40,78952376
19-Sep-2013,45.51,45.98,46.05,45.23,62967616
20-Sep-2013,46.32,47.49,47.60,45.74,101107384
23-Sep-2013,47.28,47.19,47.55,46.29,75005312
24-Sep-2013,48.51,48.45,49.66,48.16,135832240
25-Sep-2013,49.23,49.46,49.54,48.46,87170736
26-Sep-2013,50.01,50.38,50.60,49.50,97284304
27-Sep-2013,50.29,51.24,51.28,49.86,80722320
30-Sep-2013,50.14,50.23,51.60,49.80,98624312
01-Oct-2013,49.97,50.42,51.03,49.45,97740696
02-Oct-2013,50.13,50.28,51.10,49.95,61942032
03-Oct-2013,50.47,49.18,50.72,49.06,78912088
04-Oct-2013,49.77,51.04,51.16,49.57,73894696
07-Oct-2013,50.73,50.51,51.29,50.40,56695344
08-Oct-2013,50.60,47.14,50.60,47.08,133682128
09-Oct-2013,47.38,46.77,47.84,45.26,146175456
10-Oct-2013,47.87,49.05,49.68,47.83,99001176
11-Oct-2013,49.18,49.11,49.87,48.79,57988776
14-Oct-2013,48.31,49.51,49.63,47.91,68299920
15-Oct-2013,49.99,49.50,51.00,49.18,80001168
16-Oct-2013,50.04,51.13,51.24,49.90,63946552
17-Oct-2013,51.12,52.21,52.22,50.95,69235168
18-Oct-2013,54.18,54.22,54.83,53.60,87645368
21-Oct-2013,54.68,53.85,54.81,53.51,57643668
22-Oct-2013,54.33,52.67,54.76,52.20,82779664
23-Oct-2013,51.75,51.90,52.25,51.13,56938232
24-Oct-2013,52.38,52.44,52.84,51.59,45714204
25-Oct-2013,53.18,51.95,53.24,51.88,44544828
28-Oct-2013,51.54,50.23,51.70,49.61,71500816
29-Oct-2013,50.73,49.40,50.79,49.25,100340288
30-Oct-2013,50.00,49.01,50.21,48.75,83205104
31-Oct-2013,47.15,50.21,52.00,46.50,246872944
01-Nov-2013,50.85,49.75,52.09,49.72,94186432
04-Nov-2013,49.37,48.22,49.75,48.02,79878896
05-Nov-2013,47.79,50.10,50.18,47.51,76353480
06-Nov-2013,50.26,49.12,50.45,48.71,67338320
07-Nov-2013,49.24,47.56,49.87,47.30,97106056
08-Nov-2013,47.81,47.53,48.65,47.25,70213728
11-Nov-2013,47.04,46.20,47.53,45.73,80277440
12-Nov-2013,46.00,46.60,47.37,45.83,68148464
13-Nov-2013,46.23,48.71,48.74,46.06,79223096
14-Nov-2013,48.70,48.99,49.57,48.03,75098032
15-Nov-2013,49.11,49.01,49.48,48.71,42441644
18-Nov-2013,48.47,45.83,48.84,45.80,85889920
19-Nov-2013,46.26,46.36,47.00,45.72,75578960
20-Nov-2013,46.61,46.43,47.55,46.31,53918564
21-Nov-2013,46.99,46.70,47.46,46.69,34878344
22-Nov-2013,47.04,46.23,47.27,45.96,40536848
25-Nov-2013,46.36,44.82,46.65,44.04,82553864
26-Nov-2013,44.66,45.89,46.17,43.55,81994192
27-Nov-2013,45.97,46.49,46.67,45.53,44984204
29-Nov-2013,46.75,47.01,47.21,46.50,22949672
02-Dec-2013,46.90,47.06,47.54,46.26,50472948
03-Dec-2013,46.75,46.73,47.20,46.29,31817940
04-Dec-2013,46.46,48.62,48.77,46.26,59545728
05-Dec-2013,48.15,48.34,48.70,47.87,43613408
06-Dec-2013,48.98,47.94,49.39,47.71,42774040
09-Dec-2013,48.09,48.84,48.97,47.74,35560896
10-Dec-2013,48.64,50.24,50.77,48.54,68094520
11-Dec-2013,50.55,49.38,50.77,49.01,59613908
12-Dec-2013,51.04,51.83,52.07,50.66,91972208
13-Dec-2013,51.66,53.32,53.50,51.34,81017672
16-Dec-2013,53.25,53.81,54.50,52.91,84769504
17-Dec-2013,54.76,54.86,55.18,54.24,78041568
18-Dec-2013,54.86,55.57,55.89,53.75,74866592
19-Dec-2013,54.33,55.05,55.19,53.95,89449168
20-Dec-2013,54.93,55.12,55.15,54.23,146044912
23-Dec-2013,55.50,57.77,58.32,55.45,97669752
24-Dec-2013,58.27,57.96,58.58,56.91,46301460
26-Dec-2013,58.32,57.73,58.38,57.37,54933784
27-Dec-2013,57.48,55.44,57.68,55.25,59895840
30-Dec-2013,54.93,53.71,55.18,53.43,68040592
31-Dec-2013,54.12,54.65,54.86,53.91,42784724
02-Jan-2014,54.83,54.71,55.22,54.19,42943096
03-Jan-2014,55.02,54.56,55.65,54.53,38160916
06-Jan-2014,54.42,57.18,57.26,54.05,67318128
07-Jan-2014,57.70,57.92,58.55,57.22,76692992
08-Jan-2014,57.60,58.23,58.41,57.23,56000328
10-Jan-2014,57.13,57.94,58.30,57.06,42236400
13-Jan-2014,57.91,55.91,58.25,55.38,62627432
14-Jan-2014,56.46,57.74,57.78,56.10,37282300
15-Jan-2014,57.98,57.60,58.57,57.27,33546964
16-Jan-2014,57.26,57.19,58.02,56.83,34135920
17-Jan-2014,57.30,56.30,57.82,56.07,40668412
21-Jan-2014,56.60,58.50,58.58,56.50,47515216
22-Jan-2014,58.85,57.51,59.31,57.10,61126280
23-Jan-2014,56.37,56.63,56.68,55.69,47294488
24-Jan-2014,56.15,54.45,56.42,54.40,54998252
27-Jan-2014,54.73,53.55,54.94,51.85,73461336
28-Jan-2014,54.02,55.14,55.28,54.00,47642440
29-Jan-2014,54.61,53.47,54.95,53.19,66907996
30-Jan-2014,62.12,61.08,62.50,60.46,149439664
31-Jan-2014,60.47,62.57,63.37,60.17,86771448
03-Feb-2014,63.03,61.48,63.77,60.70,74246912
04-Feb-2014,62.05,62.75,63.14,61.82,45840260
05-Feb-2014,62.74,62.19,63.16,61.27,50318880
06-Feb-2014,61.46,62.16,62.78,61.46,41853580
07-Feb-2014,62.27,64.32,64.57,62.22,60523144
10-Feb-2014,64.30,63.55,64.49,63.47,43302052
11-Feb-2014,63.75,64.85,65.00,63.35,45422680
12-Feb-2014,64.92,64.45,65.06,64.05,47080120
13-Feb-2014,64.18,67.33,67.33,64.05,61542592
14-Feb-2014,67.50,67.09,67.58,66.72,36610016
18-Feb-2014,66.94,67.30,67.54,66.07,43677040
19-Feb-2014,67.05,68.06,69.08,67.00,55733188
20-Feb-2014,67.73,69.63,70.11,65.73,130361560
21-Feb-2014,69.69,68.59,69.96,68.45,70552384
24-Feb-2014,68.74,70.78,71.44,68.54,76307568
25-Feb-2014,70.95,69.85,71.00,69.45,51748856
26-Feb-2014,70.19,69.26,71.22,68.85,54840616
27-Feb-2014,69.34,68.94,70.01,68.87,41496092
28-Feb-2014,69.47,68.46,69.88,67.38,65604808
03-Mar-2014,66.96,67.41,68.05,66.51,56679332
04-Mar-2014,68.66,68.80,68.90,67.62,41322152
05-Mar-2014,69.69,71.57,71.97,69.62,74227176
06-Mar-2014,71.88,70.84,71.89,70.25,45795920
07-Mar-2014,71.08,69.80,71.18,69.47,38728988
10-Mar-2014,70.77,72.03,72.15,70.51,59674688
11-Mar-2014,72.50,70.10,72.59,69.96,57597704
12-Mar-2014,69.86,70.88,71.35,69.00,45570288
13-Mar-2014,71.29,68.83,71.35,68.15,55522564
14-Mar-2014,68.49,67.72,69.43,67.46,47882704
17-Mar-2014,68.18,68.74,68.95,66.62,52014048
18-Mar-2014,68.76,69.19,69.60,68.30,40385788
19-Mar-2014,69.17,68.24,69.29,67.46,43474592
20-Mar-2014,68.01,66.97,68.23,66.82,44219916
21-Mar-2014,67.53,67.24,67.92,66.18,54087332
24-Mar-2014,67.19,64.10,67.36,63.36,85202864
25-Mar-2014,64.89,64.89,66.19,63.78,67798432
26-Mar-2014,64.74,60.38,64.95,60.37,97032568
27-Mar-2014,60.51,60.97,61.90,57.98,112259592
28-Mar-2014,61.34,60.01,61.95,59.33,66483144
31-Mar-2014,60.78,60.24,61.52,59.87,52658660
01-Apr-2014,60.46,62.62,62.66,60.24,56733836
02-Apr-2014,63.21,62.73,63.91,62.21,65198792
03-Apr-2014,62.55,59.47,63.17,59.13,81966384
04-Apr-2014,59.94,56.75,60.20,56.32,124912272
07-Apr-2014,55.90,56.95,58.00,55.44,107257488
08-Apr-2014,57.68,58.19,58.71,57.17,78487432
09-Apr-2014,59.63,62.41,62.46,59.19,98385912
10-Apr-2014,63.08,59.16,63.18,58.68,111977472
11-Apr-2014,57.60,58.53,60.31,57.31,90133856
14-Apr-2014,60.09,58.89,60.45,57.78,71589672
15-Apr-2014,59.29,59.09,59.68,55.88,107013592
16-Apr-2014,59.79,59.72,60.19,57.74,77754976
17-Apr-2014,59.30,58.94,60.58,58.72,68637664
21-Apr-2014,59.46,61.24,61.24,59.15,59200200
22-Apr-2014,62.65,63.03,63.44,62.22,60014112
23-Apr-2014,63.45,61.36,63.48,61.26,73484336
24-Apr-2014,63.60,60.87,63.65,59.77,137496288
25-Apr-2014,59.97,57.71,60.01,57.57,91721648
28-Apr-2014,58.05,57.71,58.31,54.66,104855344
29-Apr-2014,56.09,58.15,58.28,55.84,74668544
30-Apr-2014,57.58,58.15,59.85,57.16,74722808
01-May-2014,60.43,59.78,62.28,60.21,81975848
02-May-2014,61.30,61.15,61.89,60.18,53766872
05-May-2014,59.67,61.22,61.35,59.18,45725728
06-May-2014,60.98,58.53,61.15,58.49,55278352
07-May-2014,58.77,57.39,59.30,56.26,78140800
08-May-2014,57.23,56.76,58.82,56.50,60787512
09-May-2014,56.85,57.24,57.65,56.38,52299876
12-May-2014,57.98,59.83,59.90,57.98,47809336
13-May-2014,59.66,59.83,60.89,59.51,48079948
14-May-2014,59.53,59.23,60.45,58.95,46500912
15-May-2014,59.26,59.23,59.38,57.52,56129756
16-May-2014,58.31,57.92,58.45,57.31,47636268
19-May-2014,57.89,58.02,59.56,57.57,42649648
20-May-2014,59.50,59.21,60.19,58.18,53498680
21-May-2014,58.56,58.56,60.50,58.25,58477252
22-May-2014,60.94,60.52,61.48,60.40,53976552
23-May-2014,60.41,61.35,61.45,60.15,38062456
27-May-2014,61.62,63.48,63.51,61.57,55345840
28-May-2014,63.39,63.48,64.14,62.62,47050496
29-May-2014,63.84,63.51,64.30,63.51,42158568
30-May-2014,63.95,63.83,64.17,62.56,44112440
02-Jun-2014,63.23,63.08,63.59,62.05,35848388
03-Jun-2014,62.62,62.87,63.42,62.32,31836596
04-Jun-2014,62.45,62.87,63.59,62.07,36276072
05-Jun-2014,63.66,63.34,64.36,62.82,47116676
06-Jun-2014,63.37,63.19,63.48,62.15,42127960
09-Jun-2014,62.40,62.88,63.34,61.79,37087356
10-Jun-2014,63.53,62.88,65.82,63.50,68670552
11-Jun-2014,65.32,65.77,65.80,64.90,43819040
12-Jun-2014,65.85,64.29,66.47,64.06,55461780
13-Jun-2014,64.70,64.50,64.97,63.83,29236944
16-Jun-2014,64.16,64.19,64.88,63.75,30718156
17-Jun-2014,64.10,64.40,64.88,63.93,27479190
18-Jun-2014,64.49,65.60,65.75,64.05,35327340
19-Jun-2014,65.46,64.34,65.58,64.21,34029020
20-Jun-2014,64.46,64.50,64.81,63.35,45067324
23-Jun-2014,64.32,65.37,65.66,64.22,34334936
24-Jun-2014,65.36,65.72,67.17,65.27,65503
25-Jun-2014,65.58,67.44,67.48,65.57,43977952
26-Jun-2014,68.00,67.13,68.00,66.90,47449868
27-Jun-2014,67.31,67.60,67.70,66.84,38783700
30-Jun-2014,67.46,67.29,67.92,67.13,26779156
01-Jul-2014,67.58,68.06,68.44,67.39,32893570
02-Jul-2014,68.04,66.45,68.30,65.79,41613872
03-Jul-2014,66.86,66.29,67.00,65.76,25188836
07-Jul-2014,66.30,66.29,66.57,65.12,28573968
08-Jul-2014,65.06,65.29,65.56,62.21,68352208
09-Jul-2014,63.41,64.97,65.12,63.15,51169400
10-Jul-2014,63.31,64.87,65.34,63.05,44280752
11-Jul-2014,65.28,66.34,66.59,64.79,39023832
14-Jul-2014,67.13,66.34,68.17,66.90,38160528
15-Jul-2014,67.96,67.90,68.09,66.26,43965480
16-Jul-2014,67.54,67.17,67.94,67.07,29151900
17-Jul-2014,67.03,67.66,67.85,66.04,37481928
18-Jul-2014,66.80,66.41,68.46,66.16,41814180
21-Jul-2014,68.81,69.40,69.96,68.50,49168464
22-Jul-2014,69.76,69.27,69.77,68.61,40031724
23-Jul-2014,69.74,69.27,71.33,69.61,58656856
24-Jul-2014,75.96,74.98,76.74,74.51,122772816
25-Jul-2014,74.99,75.19,75.67,74.66,45629508
28-Jul-2014,75.17,74.92,75.50,73.85,41488160
29-Jul-2014,74.72,73.71,74.92,73.42,40235236
30-Jul-2014,74.21,74.68,75.19,74.13,36213704
31-Jul-2014,74.00,74.68,74.17,72.44,43293980
01-Aug-2014,72.22,72.65,73.22,71.55,42777448
04-Aug-2014,72.36,72.36,73.88,72.36,30161000
05-Aug-2014,73.20,73.51,73.59,72.18,34388380
06-Aug-2014,72.02,72.47,73.72,71.79,30682780
07-Aug-2014,73.00,72.47,74.00,72.70,37924032
08-Aug-2014,73.40,73.17,73.43,72.56,26876002
11-Aug-2014,73.46,73.44,73.91,73.06,24474456
12-Aug-2014,73.09,73.44,73.33,72.22,27084292
13-Aug-2014,73.12,73.77,74.25,73.05,29059520
14-Aug-2014,73.97,74.30,74.38,73.69,21990164
15-Aug-2014,74.32,73.63,74.65,73.00,38700952
18-Aug-2014,74.00,73.63,74.72,73.96,23789032
19-Aug-2014,74.81,74.59,75.58,74.77,26424086
20-Aug-2014,74.97,74.81,75.18,74.62,22835864
21-Aug-2014,74.92,74.81,75.19,74.41,19499236
22-Aug-2014,74.34,74.57,74.73,73.57,20736994
25-Aug-2014,74.94,75.02,75.28,74.79,19547764
26-Aug-2014,75.00,75.96,75.99,74.73,23648764
27-Aug-2014,75.27,74.63,75.49,74.46,35861404
28-Aug-2014,74.00,74.63,74.43,73.73,21781780
29-Aug-2014,74.30,73.86,74.82,74.01,23899384
02-Sep-2014,75.01,76.68,76.70,74.82,34609988
03-Sep-2014,77.14,76.68,77.48,75.60,31633660
04-Sep-2014,75.89,75.95,76.93,75.53,26422984
05-Sep-2014,76.10,77.26,77.38,75.60,29229934
08-Sep-2014,77.26,77.89,78.17,77.01,28018220
09-Sep-2014,77.59,77.89,78.17,76.20,28605568
10-Sep-2014,76.52,77.43,77.95,76.51,29598956
11-Sep-2014,77.13,77.43,78.36,77.05,31994334
12-Sep-2014,78.02,77.92,78.30,77.10,26386092
15-Sep-2014,77.15,77.48,77.25,73.43,49444844
16-Sep-2014,73.52,74.58,76.23,73.07,37521752
17-Sep-2014,75.96,76.08,77.25,75.57,28390162
18-Sep-2014,76.77,76.43,77.33,76.52,22816796
19-Sep-2014,77.40,77.00,78.00,76.44,56879860
22-Sep-2014,77.00,77.91,77.53,75.95,31785888
23-Sep-2014,76.33,78.29,78.63,76.04,36658000
24-Sep-2014,78.10,78.54,78.62,77.51,30631736
25-Sep-2014,78.60,77.22,78.94,77.13,37389664
26-Sep-2014,77.59,78.79,78.84,77.33,28813268
29-Sep-2014,78.12,79.00,79.20,77.91,33967424
30-Sep-2014,79.35,79.04,79.71,78.60,35812072
01-Oct-2014,78.78,76.55,78.82,75.90,54997120
02-Oct-2014,76.57,77.08,77.48,75.64,36392056
03-Oct-2014,77.76,77.44,78.06,77.26,23279970
06-Oct-2014,77.19,77.56,77.89,76.85,25686270
07-Oct-2014,77.05,76.29,77.95,76.24,25236586
08-Oct-2014,76.18,77.52,77.71,75.10,32816868
09-Oct-2014,77.28,75.91,77.76,75.85,32411944
10-Oct-2014,75.59,72.91,76.50,72.76,52054968
13-Oct-2014,73.23,72.99,74.78,72.52,43826992
14-Oct-2014,74.00,73.59,74.18,72.05,50110568
15-Oct-2014,71.69,73.21,73.80,70.32,61391512
16-Oct-2014,70.79,72.63,73.35,70.58,53449380
17-Oct-2014,74.23,75.95,76.00,73.75,76256848
20-Oct-2014,75.60,76.95,77.09,75.38,34536376
21-Oct-2014,77.56,78.69,78.74,77.15,32163376
22-Oct-2014,78.82,78.37,79.85,78.01,41794316
23-Oct-2014,79.38,80.04,80.63,79.01,34859056
24-Oct-2014,80.20,80.67,80.82,79.32,32113490
27-Oct-2014,80.74,80.28,80.80,79.76,29733484
28-Oct-2014,80.18,80.77,81.16,79.57,59779128
29-Oct-2014,75.45,75.86,76.88,74.78,105839544
30-Oct-2014,75.05,74.11,75.35,72.90,83076848
31-Oct-2014,74.93,74.99,75.70,74.45,44460400
03-Nov-2014,75.47,73.88,75.52,73.70,40516316
04-Nov-2014,74.23,75.76,75.77,73.65,39166860
05-Nov-2014,76.51,74.83,76.80,74.42,35850268
06-Nov-2014,74.89,75.26,75.60,74.31,21315256
07-Nov-2014,75.39,75.60,75.86,75.02,20755428
10-Nov-2014,75.36,75.00,75.48,74.61,21524420
11-Nov-2014,74.95,74.61,74.98,74.03,18701052
12-Nov-2014,74.28,74.72,75.14,73.54,26484400
13-Nov-2014,74.74,74.25,75.24,73.64,26405116
14-Nov-2014,74.27,74.88,74.93,74.04,19310716
17-Nov-2014,74.88,74.24,75.65,73.88,28657250
18-Nov-2014,74.45,74.34,74.80,73.90,20648288
19-Nov-2014,74.01,73.33,74.54,73.11,25399170
20-Nov-2014,72.80,73.60,73.99,72.51,19128364
21-Nov-2014,74.50,73.75,74.50,73.50,23038922
24-Nov-2014,73.54,74.01,74.35,73.35,22057968
25-Nov-2014,74.21,75.63,75.74,74.13,32194502
26-Nov-2014,75.53,77.62,77.78,75.51,32677420
28-Nov-2014,77.67,77.70,78.27,77.23,15992035
01-Dec-2014,77.26,75.10,77.31,74.80,31741948
02-Dec-2014,75.33,75.46,75.91,75.04,16747354
03-Dec-2014,75.38,74.88,75.73,74.40,15936067
04-Dec-2014,74.83,75.24,75.55,74.66,14365308
05-Dec-2014,75.80,76.36,76.76,75.36,24268852
08-Dec-2014,76.18,76.52,77.25,75.40,25669702
09-Dec-2014,75.20,76.84,76.93,74.78,25303040
10-Dec-2014,76.65,76.18,77.55,76.07,32154292
11-Dec-2014,76.52,77.73,78.52,76.48,33445056
12-Dec-2014,77.16,77.83,78.88,77.02,28044360
15-Dec-2014,78.46,76.99,78.58,76.56,29334640
16-Dec-2014,76.19,74.69,77.39,74.59,31459420
17-Dec-2014,75.01,76.11,76.41,74.90,29136508
18-Dec-2014,76.89,78.40,78.40,76.51,34137000
19-Dec-2014,78.75,79.88,80.00,78.33,43277572
22-Dec-2014,80.08,81.45,81.89,80.00,31347060
23-Dec-2014,82.02,80.61,82.17,80.40,19843008
24-Dec-2014,81.03,80.77,81.43,80.75,7685481
26-Dec-2014,81.02,80.78,81.28,80.51,10627538
29-Dec-2014,80.49,80.02,80.96,79.71,14101001
30-Dec-2014,79.85,79.22,80.59,79.10,14235672
31-Dec-2014,79.54,78.02,79.80,77.86,19995784
02-Jan-2015,78.58,78.45,78.93,77.70,18140072
05-Jan-2015,77.98,77.19,79.25,76.86,26388452
06-Jan-2015,77.23,76.15,77.59,75.36,27362660
07-Jan-2015,76.76,76.15,77.36,75.82,22010630
08-Jan-2015,76.74,78.18,78.23,76.08,23927826
09-Jan-2015,78.20,77.74,78.62,77.20,21135212
12-Jan-2015,77.84,76.72,78.00,76.21,19147062
13-Jan-2015,77.23,76.45,78.08,75.85,25148566
14-Jan-2015,76.42,76.28,77.20,76.03,25830640
15-Jan-2015,76.40,74.05,76.57,73.54,34041400
16-Jan-2015,74.04,75.18,75.32,73.84,21737776
20-Jan-2015,75.72,76.24,76.31,74.82,22764928
21-Jan-2015,76.16,76.74,77.30,75.85,25078852
22-Jan-2015,77.17,77.65,77.75,76.68,19453764
23-Jan-2015,77.65,77.83,78.19,77.04,16360246
26-Jan-2015,77.98,77.50,78.47,77.29,19213164
27-Jan-2015,76.71,75.78,76.88,75.63,19960852
28-Jan-2015,76.90,76.24,77.64,76.00,49598564
29-Jan-2015,76.85,78.00,78.02,74.21,60604524
30-Jan-2015,78.00,75.91,78.16,75.75,42516616
02-Feb-2015,76.11,74.99,76.14,73.75,41897528
03-Feb-2015,75.19,75.40,75.58,73.86,26918434
04-Feb-2015,75.09,75.63,76.35,75.01,20241820
05-Feb-2015,75.71,75.61,75.98,75.21,14966050
06-Feb-2015,75.68,74.47,75.70,74.25,21127882
09-Feb-2015,74.05,74.44,74.83,73.45,16181195
10-Feb-2015,74.85,75.19,75.34,74.50,15781600
11-Feb-2015,75.09,76.51,76.75,75.03,20809504
12-Feb-2015,76.86,76.23,76.87,75.89,17207422
13-Feb-2015,76.46,75.74,76.48,75.50,18483816
17-Feb-2015,75.30,75.60,76.91,75.08,25240470
18-Feb-2015,75.94,76.71,76.90,75.45,22384664
19-Feb-2015,76.99,79.42,79.84,76.95,45774112
20-Feb-2015,79.55,79.89,80.34,79.20,36902984
23-Feb-2015,79.96,78.84,80.19,78.38,24100060
24-Feb-2015,78.50,78.45,79.48,78.10,18872376
25-Feb-2015,78.50,79.56,80.20,78.50,25545838
26-Feb-2015,79.88,80.41,81.37,79.72,30972156
27-Feb-2015,80.68,78.97,81.23,78.62,30698752
02-Mar-2015,79.00,79.75,79.86,78.52,21628540
03-Mar-2015,79.61,79.60,79.70,78.52,18578656
04-Mar-2015,79.30,80.89,81.15,78.85,28052754
05-Mar-2015,81.23,81.21,81.99,81.05,27790044
06-Mar-2015,80.90,80.00,81.33,79.83,24431354
09-Mar-2015,79.68,79.44,79.91,78.63,18894440
10-Mar-2015,78.50,77.55,79.26,77.55,22958288
11-Mar-2015,77.80,77.57,78.43,77.26,20138376
12-Mar-2015,78.10,78.93,79.05,77.91,16068814
13-Mar-2015,78.60,78.05,79.38,77.68,18481128
16-Mar-2015,77.96,78.07,78.12,77.36,19184576
17-Mar-2015,78.36,79.36,79.78,78.34,22066918
18-Mar-2015,79.25,80.91,81.24,79.17,36709176
19-Mar-2015,81.12,82.75,83.00,81.00,42030548
20-Mar-2015,83.39,83.80,84.60,83.07,44397148
23-Mar-2015,83.92,84.43,84.96,83.30,27268880
24-Mar-2015,84.71,85.31,86.07,84.52,32496960
25-Mar-2015,85.50,82.92,85.52,82.92,37334980
26-Mar-2015,82.72,83.01,83.77,82.14,32750656
27-Mar-2015,83.38,83.30,83.95,82.88,18310188
30-Mar-2015,83.81,83.19,84.34,82.41,24505982
31-Mar-2015,82.90,82.21,83.50,82.21,19699448
01-Apr-2015,82.50,81.67,82.72,80.87,22018436
02-Apr-2015,82.25,81.56,82.56,81.44,19628140
06-Apr-2015,80.80,82.44,82.81,80.80,19007452
07-Apr-2015,82.65,82.32,83.42,82.22,17439340
08-Apr-2015,82.63,82.28,83.10,81.84,18930494
09-Apr-2015,82.50,82.17,82.80,81.71,15902346
10-Apr-2015,82.21,82.04,82.61,81.91,12500085
13-Apr-2015,81.93,83.01,83.94,81.92,26867980
14-Apr-2015,83.17,83.51,83.69,82.44,19602028
15-Apr-2015,83.55,82.71,83.66,82.27,22357040
16-Apr-2015,82.47,82.31,83.07,82.15,13675618
17-Apr-2015,81.48,80.78,82.11,80.37,24122936
20-Apr-2015,81.54,83.09,83.15,81.24,28698866
21-Apr-2015,84.00,83.62,84.49,83.54,26813138
22-Apr-2015,84.32,84.63,84.74,83.65,42079476
23-Apr-2015,84.10,82.41,85.59,82.41,73581048
24-Apr-2015,82.77,81.53,82.94,81.48,29613696
27-Apr-2015,81.87,81.91,82.93,81.63,25384808
28-Apr-2015,81.83,80.68,81.90,80.23,23716684
29-Apr-2015,80.01,80.46,81.39,79.52,26398874
30-Apr-2015,80.01,78.77,80.96,78.32,28892116
01-May-2015,79.24,78.99,79.76,78.11,22800996
04-May-2015,79.33,78.81,79.69,78.63,14642085
05-May-2015,78.55,77.56,78.80,77.22,22227184
06-May-2015,77.97,78.10,78.81,77.05,28607394
07-May-2015,78.00,78.43,78.94,77.56,19714504
08-May-2015,79.10,78.51,79.23,78.03,19917320
11-May-2015,78.48,78.01,79.03,77.93,18820528
12-May-2015,77.87,77.46,77.89,76.79,21243836
13-May-2015,77.72,78.44,78.53,77.65,21483632
14-May-2015,78.94,81.37,81.85,78.67,49354960
15-May-2015,81.41,80.42,81.52,80.18,27028520
18-May-2015,80.33,80.88,81.38,80.23,21554666
19-May-2015,81.25,80.63,81.69,80.55,17942468
20-May-2015,80.47,80.55,81.10,79.46,23014160
21-May-2015,80.19,80.48,80.92,80.08,13364082
22-May-2015,80.35,80.54,81.31,80.25,19544096
26-May-2015,80.43,79.33,80.60,79.08,16268162
27-May-2015,79.60,80.55,80.66,79.43,14106608
28-May-2015,80.25,80.14,81.07,80.00,11969441
29-May-2015,79.95,79.19,80.07,78.88,16111202
01-Jun-2015,79.30,80.29,80.38,78.66,18104220
02-Jun-2015,79.76,80.44,81.35,79.56,18898560
03-Jun-2015,81.35,82.44,82.53,81.25,31625252
04-Jun-2015,82.14,82.05,82.95,81.51,20812786
05-Jun-2015,81.87,82.14,82.46,81.51,16087278
08-Jun-2015,81.82,80.67,82.00,80.13,16878532
09-Jun-2015,80.60,80.67,81.19,79.32,16442581
10-Jun-2015,80.83,82.16,82.60,80.81,21485668
11-Jun-2015,82.31,81.83,82.90,81.36,18610616
12-Jun-2015,81.37,81.53,82.09,81.20,11400264
15-Jun-2015,80.55,80.71,80.93,80.07,18769924
16-Jun-2015,80.82,81.06,81.51,80.45,13660633
17-Jun-2015,81.76,81.79,82.22,81.34,18308742
18-Jun-2015,81.64,82.90,83.19,81.57,26720782
19-Jun-2015,82.83,82.51,82.98,82.12,23327996
22-Jun-2015,83.41,84.74,84.97,83.31,29043808
23-Jun-2015,84.96,87.88,87.97,84.76,50319212
24-Jun-2015,87.66,88.86,89.25,87.45,41322236
25-Jun-2015,89.26,87.98,89.40,87.83,27240516
26-Jun-2015,88.12,88.01,88.34,86.83,38181340
29-Jun-2015,86.61,85.80,87.50,85.73,35865640
30-Jun-2015,86.60,85.76,86.70,85.57,23169028
01-Jul-2015,86.77,86.91,87.95,86.49,25196856
02-Jul-2015,87.40,87.29,87.44,86.34,16866896
06-Jul-2015,86.49,87.55,88.18,86.39,24588260
07-Jul-2015,87.80,87.22,87.85,85.23,33016816
08-Jul-2015,86.29,85.65,86.75,85.44,24335794
09-Jul-2015,86.73,85.88,87.60,85.65,23236536
10-Jul-2015,87.35,87.95,88.22,86.77,23181068
13-Jul-2015,88.66,90.10,90.22,88.42,29657888
14-Jul-2015,90.46,89.68,90.80,89.65,26566786
15-Jul-2015,90.00,89.76,90.99,89.42,30806580
16-Jul-2015,90.28,90.85,90.86,89.77,21303568
17-Jul-2015,92.55,94.97,95.39,92.54,53655040
20-Jul-2015,95.85,97.91,98.60,95.36,54781024
21-Jul-2015,98.95,98.39,99.24,97.14,39117996
22-Jul-2015,96.74,97.04,97.58,95.92,28193504
23-Jul-2015,96.96,95.44,97.45,94.81,29221456
24-Jul-2015,97.35,96.95,97.76,95.88,33342080
27-Jul-2015,96.58,94.17,96.61,93.83,38359288
28-Jul-2015,94.84,95.29,95.56,93.31,34664408
29-Jul-2015,96.32,96.99,97.28,94.74,58884728
30-Jul-2015,94.91,95.21,95.81,91.80,85984448
31-Jul-2015,94.95,94.01,96.33,93.95,43958928
03-Aug-2015,93.53,94.14,95.08,92.80,29241596
04-Aug-2015,93.79,94.06,94.73,93.33,20042084
05-Aug-2015,95.25,96.44,97.09,95.18,29697176
06-Aug-2015,97.18,95.12,98.74,94.42,42202732
07-Aug-2015,95.38,94.30,95.40,93.61,23135144
10-Aug-2015,95.68,94.15,95.90,93.63,21453828
11-Aug-2015,93.73,93.62,94.76,92.90,22243634
12-Aug-2015,92.70,94.19,94.44,91.19,27070410
13-Aug-2015,94.05,93.43,94.73,93.35,17397008
14-Aug-2015,93.54,94.42,94.72,93.21,15898644
17-Aug-2015,94.42,93.93,94.46,93.39,18278930
18-Aug-2015,94.08,95.17,95.85,94.04,22193376
19-Aug-2015,94.63,95.31,96.10,94.16,23173800
20-Aug-2015,93.54,90.56,94.77,90.46,44384640
21-Aug-2015,87.52,86.06,89.18,85.61,62460792
24-Aug-2015,77.03,82.09,87.14,72.00,83429864
25-Aug-2015,86.95,83.00,87.67,83.00,51830656
26-Aug-2015,85.95,87.19,87.46,83.26,44982272
27-Aug-2015,89.10,89.73,90.06,87.19,42248808
28-Aug-2015,89.88,91.01,91.48,89.79,33165948
31-Aug-2015,90.60,89.43,91.05,88.89,32766536
01-Sep-2015,86.85,87.23,89.39,86.50,35930580
02-Sep-2015,88.81,89.89,89.89,87.63,26996892
03-Sep-2015,89.76,88.15,89.82,87.73,26947064
04-Sep-2015,87.20,88.26,88.39,86.70,27269942
08-Sep-2015,89.69,89.53,90.24,88.83,26925424
09-Sep-2015,90.78,90.44,91.98,90.17,32476796
10-Sep-2015,90.07,91.98,92.06,89.63,26383316
11-Sep-2015,91.68,92.05,92.08,91.13,21097766
14-Sep-2015,92.31,92.31,92.62,91.60,20105536
15-Sep-2015,92.37,92.90,93.25,91.79,18816732
16-Sep-2015,92.90,93.45,93.60,92.63,16264888
17-Sep-2015,93.37,94.34,95.51,92.90,27714530
18-Sep-2015,93.20,94.40,95.19,93.05,62227156
21-Sep-2015,94.62,95.55,96.49,94.52,28670572
22-Sep-2015,93.77,92.96,94.68,91.92,36811260
23-Sep-2015,93.40,93.97,94.32,92.80,21668572
24-Sep-2015,93.06,94.41,94.76,92.24,29032696
25-Sep-2015,95.79,92.77,95.85,92.06,28898028
28-Sep-2015,92.08,89.21,92.29,88.18,41055344
29-Sep-2015,89.10,86.67,90.06,85.72,42195096
30-Sep-2015,88.44,89.90,90.02,88.01,36089380
01-Oct-2015,90.05,90.95,90.95,88.36,29214528
02-Oct-2015,88.90,92.07,92.20,88.37,37661568
05-Oct-2015,92.94,94.01,94.27,92.66,27035856
06-Oct-2015,94.08,92.80,94.17,92.34,22453016
07-Oct-2015,93.11,92.40,93.66,91.37,24089936
08-Oct-2015,91.89,92.47,93.22,90.47,27233146
09-Oct-2015,92.90,93.24,93.74,92.24,19911368
12-Oct-2015,93.32,94.26,94.60,92.67,18396448
13-Oct-2015,93.66,94.12,95.37,93.55,19397790
14-Oct-2015,94.08,94.07,95.20,93.61,19180544
15-Oct-2015,94.99,95.96,96.30,94.90,27496428
16-Oct-2015,96.18,97.54,97.59,95.35,25363120
19-Oct-2015,97.18,98.47,98.57,96.92,23600894
20-Oct-2015,98.73,97.00,99.59,96.56,30821986
21-Oct-2015,97.37,97.11,98.18,96.47,21969872
22-Oct-2015,97.79,99.67,99.73,97.55,25934492
23-Oct-2015,101.91,102.19,102.85,100.16,42737952
26-Oct-2015,102.20,103.77,103.81,101.55,25873632
27-Oct-2015,102.94,103.70,104.10,102.40,23729932
28-Oct-2015,103.90,104.20,104.48,102.92,24053544
29-Oct-2015,103.96,104.88,105.12,103.52,20141420
30-Oct-2015,104.51,101.97,104.72,101.65,33433716
02-Nov-2015,102.46,103.31,103.47,101.18,23958624
03-Nov-2015,103.22,102.58,103.65,102.40,21164736
04-Nov-2015,103.19,103.94,104.14,102.48,40375496
05-Nov-2015,108.80,108.76,110.65,107.95,63132660
06-Nov-2015,108.04,107.10,108.74,105.91,35029048
09-Nov-2015,107.00,106.39,108.25,105.86,23483920
10-Nov-2015,105.96,107.91,108.15,105.24,24996544
11-Nov-2015,108.27,109.01,109.87,107.11,25021328
12-Nov-2015,108.48,108.02,109.39,108.00,20848444
13-Nov-2015,107.71,103.95,108.25,103.83,30145228
16-Nov-2015,103.32,104.04,104.17,100.47,49241880
17-Nov-2015,104.62,105.13,106.20,104.14,26767572
18-Nov-2015,105.80,107.77,107.88,105.39,23788572
19-Nov-2015,107.36,106.26,107.73,105.95,25481042
20-Nov-2015,106.84,107.32,107.87,106.62,22096840
23-Nov-2015,107.19,106.95,107.47,106.08,19739928
24-Nov-2015,106.00,105.74,106.49,104.39,23512012
25-Nov-2015,106.33,105.41,106.60,105.10,15136923
27-Nov-2015,105.78,105.45,105.96,104.86,5913066
30-Nov-2015,105.84,104.24,106.10,103.75,20053750
01-Dec-2015,104.83,107.12,107.15,104.50,22738064
02-Dec-2015,107.00,106.07,107.92,105.79,24311460
03-Dec-2015,106.27,104.38,106.85,103.35,23189592
04-Dec-2015,104.81,106.18,107.73,104.11,21211774
07-Dec-2015,106.48,105.61,106.83,104.66,15435904
08-Dec-2015,104.00,106.49,106.91,103.95,20374440
09-Dec-2015,106.18,104.60,106.44,103.55,23455824
10-Dec-2015,105.05,105.42,106.40,104.41,17433364
11-Dec-2015,104.15,102.12,104.34,101.91,26340438
14-Dec-2015,102.29,104.66,104.74,101.46,24690712
15-Dec-2015,105.30,104.55,105.80,104.28,21695312
16-Dec-2015,105.37,106.79,107.09,104.19,22094276
17-Dec-2015,107.49,106.22,107.75,106.13,21578728
18-Dec-2015,106.08,104.04,106.59,103.97,35760032
21-Dec-2015,104.91,104.77,105.15,103.60,16102850
22-Dec-2015,105.22,105.51,105.66,104.81,14581141
23-Dec-2015,105.89,104.63,106.11,103.86,19570920
24-Dec-2015,104.74,105.02,105.32,104.50,6512134
28-Dec-2015,105.02,105.93,105.98,104.53,13043828
29-Dec-2015,106.42,107.26,107.74,106.25,17145720
30-Dec-2015,107.00,106.22,107.25,106.06,13103908
31-Dec-2015,106.00,104.66,106.17,104.62,18375780
04-Jan-2016,101.95,102.22,102.24,99.75,37826760
05-Jan-2016,102.89,102.73,103.71,101.67,23232468
06-Jan-2016,101.13,102.97,103.77,100.90,25038916
07-Jan-2016,100.50,97.92,101.43,97.30,45022540
08-Jan-2016,99.88,97.33,100.50,97.03,35343740
11-Jan-2016,97.91,97.51,98.60,95.39,29896248
12-Jan-2016,99.00,99.37,99.96,97.55,28300400
13-Jan-2016,100.58,95.44,100.58,95.21,33292314
14-Jan-2016,95.85,98.37,98.87,92.45,48605132
15-Jan-2016,93.98,94.97,96.38,93.54,46056584
19-Jan-2016,96.53,95.26,97.42,93.92,30821908
20-Jan-2016,92.83,94.35,95.00,89.37,59006980
21-Jan-2016,94.91,94.16,95.99,92.62,30478616
22-Jan-2016,96.41,97.94,98.07,95.49,30370420
25-Jan-2016,98.72,97.01,99.48,96.93,32379384
26-Jan-2016,97.76,97.34,97.88,95.66,26742440
27-Jan-2016,97.79,94.45,97.85,94.23,52477208
28-Jan-2016,107.20,109.11,110.34,104.81,107202576
29-Jan-2016,108.99,112.21,112.84,108.84,62525288
01-Feb-2016,112.27,115.09,115.72,112.01,45930172
02-Feb-2016,114.80,114.61,117.59,113.20,59691852
03-Feb-2016,115.27,112.69,115.34,109.75,56860432
04-Feb-2016,111.80,110.49,111.94,109.25,38749324
05-Feb-2016,109.51,104.07,109.58,103.18,76787056
08-Feb-2016,100.41,99.75,102.68,97.46,71091512
09-Feb-2016,97.14,99.54,102.40,96.82,62609376
10-Feb-2016,101.55,101.00,103.25,100.24,45031736
11-Feb-2016,99.60,101.91,105.11,98.88,43585140
12-Feb-2016,103.74,102.01,104.24,101.09,36155684
16-Feb-2016,103.80,101.61,103.93,100.24,45599380
17-Feb-2016,101.94,105.20,105.72,100.40,44004660
18-Feb-2016,105.80,103.47,106.00,103.03,29531764
19-Feb-2016,102.55,104.57,105.02,102.06,32375032
22-Feb-2016,105.49,107.16,108.25,105.34,35668272
23-Feb-2016,106.85,105.46,107.47,105.12,25270198
24-Feb-2016,104.21,106.88,106.95,102.74,34278268
25-Feb-2016,107.11,108.07,108.07,105.61,29836960
26-Feb-2016,108.70,107.92,109.45,107.16,26651900
29-Feb-2016,107.60,106.92,108.91,106.75,32736160
01-Mar-2016,107.83,109.82,109.82,107.60,26713150
02-Mar-2016,109.68,109.95,110.55,108.77,25653556
03-Mar-2016,110.25,109.58,110.30,108.54,21336604
04-Mar-2016,110.05,108.39,110.05,107.93,24903810
07-Mar-2016,108.07,105.73,108.07,104.72,31481352
08-Mar-2016,104.78,105.93,107.37,104.40,25578682
09-Mar-2016,106.70,107.51,107.51,105.49,20458196
10-Mar-2016,107.91,107.32,108.66,105.77,24833320
11-Mar-2016,108.48,109.41,109.42,107.92,20661594
14-Mar-2016,109.28,109.89,110.33,108.77,17239384
15-Mar-2016,109.11,110.67,110.83,108.84,17594732
16-Mar-2016,110.49,112.18,112.50,110.10,24744778
17-Mar-2016,112.15,111.02,112.69,110.73,24241248
18-Mar-2016,111.56,111.45,112.42,110.27,36256876
21-Mar-2016,111.66,111.85,112.37,111.03,18447974
22-Mar-2016,111.36,112.25,112.88,111.17,19001076
23-Mar-2016,112.01,112.54,113.19,112.00,18561974
24-Mar-2016,112.13,113.05,113.09,111.68,17839120
28-Mar-2016,113.32,113.69,114.59,112.95,21351752
29-Mar-2016,113.83,116.14,116.32,113.64,29825340
30-Mar-2016,116.73,114.70,116.99,114.36,33235184
31-Mar-2016,114.70,114.10,115.01,113.77,21207526
01-Apr-2016,113.75,116.06,116.17,113.35,24760504
04-Apr-2016,114.07,112.55,114.55,111.61,48487912
05-Apr-2016,112.11,112.22,113.32,111.90,22962364
06-Apr-2016,112.47,113.71,113.81,112.42,20814640
07-Apr-2016,113.79,113.64,114.89,113.07,20714536
08-Apr-2016,114.25,110.63,114.33,109.90,48497808
11-Apr-2016,110.70,108.99,110.91,108.77,39762304
12-Apr-2016,109.34,110.61,111.16,108.99,26248080
13-Apr-2016,112.23,110.51,112.65,106.52,88227392
14-Apr-2016,110.62,110.84,112.04,110.26,28473322
15-Apr-2016,110.79,109.64,110.97,109.20,20922804
18-Apr-2016,109.74,110.45,110.81,109.20,21167200
19-Apr-2016,111.10,112.29,112.45,109.16,30210456
20-Apr-2016,112.43,112.42,113.27,111.56,21027900
21-Apr-2016,112.55,113.44,114.04,112.31,20875230
22-Apr-2016,111.21,110.56,111.75,109.01,38458200
25-Apr-2016,109.87,110.10,110.67,109.07,21017896
26-Apr-2016,110.49,108.76,110.50,108.15,22521534
27-Apr-2016,107.94,108.89,108.94,106.31,52213108
28-Apr-2016,119.57,116.73,120.79,116.23,87110080
29-Apr-2016,116.82,117.58,117.84,115.84,37140592
02-May-2016,117.83,118.57,118.73,116.57,28095168
03-May-2016,117.52,117.43,118.16,117.02,24117464
04-May-2016,116.61,118.06,118.30,116.57,23448440
05-May-2016,118.04,117.81,118.98,117.25,22056748
06-May-2016,117.16,119.49,119.64,117.11,26395568
09-May-2016,119.54,119.24,120.28,118.90,21138060
10-May-2016,119.62,120.50,120.50,114.80,23220046
11-May-2016,120.41,119.52,121.08,119.42,22038396
12-May-2016,119.98,120.28,120.84,118.90,22035464
13-May-2016,120.38,119.81,120.64,119.68,18124286
16-May-2016,119.38,118.67,119.61,117.35,31247834
17-May-2016,118.82,117.35,119.01,117.20,21328648
18-May-2016,116.80,117.65,118.27,116.73,21642300
19-May-2016,117.05,116.81,117.49,115.88,20544108
20-May-2016,116.96,117.35,117.99,116.95,18893158
23-May-2016,117.42,115.97,117.60,115.94,20441004
24-May-2016,116.24,117.70,117.73,116.12,20183628
25-May-2016,118.13,117.89,118.67,117.38,20035494
26-May-2016,118.24,119.47,119.76,117.92,18481340
27-May-2016,119.56,119.38,119.85,119.01,13493563
31-May-2016,119.46,118.81,120.10,118.12,23547596
01-Jun-2016,118.50,118.78,119.08,117.82,15029494
02-Jun-2016,118.69,118.93,135.60,118.22,13228310
03-Jun-2016,118.97,118.47,118.98,117.86,14135114
06-Jun-2016,118.62,118.79,119.43,118.36,12744676
07-Jun-2016,119.24,117.76,119.30,117.67,17103024
08-Jun-2016,117.76,118.39,118.60,117.27,14505596
09-Jun-2016,118.13,118.56,118.68,117.71,13859240
10-Jun-2016,117.54,116.62,118.11,116.26,18510826
13-Jun-2016,115.00,113.95,115.48,113.31,31718240
14-Jun-2016,114.07,114.94,114.95,113.58,17618480
15-Jun-2016,115.30,114.60,115.44,114.07,19819432
16-Jun-2016,113.87,114.39,114.50,112.94,19236256
17-Jun-2016,114.42,113.02,114.43,112.56,24644308
20-Jun-2016,113.77,113.37,114.72,112.75,20785390
21-Jun-2016,114.12,114.38,115.21,113.97,19166268
22-Jun-2016,114.65,113.91,114.74,113.61,14846329
23-Jun-2016,114.37,115.08,115.09,113.54,16176895
24-Jun-2016,111.01,112.08,113.68,111.00,40643128
27-Jun-2016,111.57,108.97,111.57,108.23,36409608
28-Jun-2016,110.63,112.70,112.75,110.55,26813842
29-Jun-2016,113.37,114.16,114.25,113.04,20968272
30-Jun-2016,114.67,114.28,115.18,113.67,23192716
01-Jul-2016,114.20,114.19,115.13,113.81,14980023
05-Jul-2016,113.94,114.00,114.11,112.97,14207037
06-Jul-2016,113.36,116.70,116.79,112.97,24337586
07-Jul-2016,116.63,115.85,116.97,115.36,16630201
08-Jul-2016,116.43,117.24,117.50,115.85,18142596
11-Jul-2016,117.71,117.87,118.70,117.50,17711570
12-Jul-2016,118.63,117.93,118.72,117.57,15217700
13-Jul-2016,118.39,116.78,118.40,116.68,16207662
14-Jul-2016,117.50,117.29,117.64,116.70,14579736
15-Jul-2016,117.74,116.86,118.28,116.58,16645964
18-Jul-2016,117.32,119.37,119.61,116.89,20868368
19-Jul-2016,118.99,120.61,120.85,118.66,21541292
20-Jul-2016,121.25,121.92,122.20,120.56,20046452
21-Jul-2016,121.92,120.61,122.10,120.25,17801664
22-Jul-2016,119.90,121.00,121.01,119.31,18422410
25-Jul-2016,121.39,121.63,121.85,117.78,18487448
26-Jul-2016,122.00,121.22,122.07,120.75,17611964
27-Jul-2016,122.42,123.34,125.00,121.51,52654240
28-Jul-2016,127.52,125.00,128.33,123.63,78955760
29-Jul-2016,124.65,123.94,125.84,123.71,35058804
01-Aug-2016,123.85,124.31,124.58,122.86,25006850
02-Aug-2016,124.06,123.09,124.80,122.07,23968414
03-Aug-2016,123.09,122.51,123.92,122.31,18525332
04-Aug-2016,122.94,124.36,124.79,122.51,21065974
05-Aug-2016,124.98,125.15,125.83,124.62,20184036
08-Aug-2016,125.25,125.26,125.45,124.55,15233929
09-Aug-2016,125.34,125.06,126.09,124.53,19620968
10-Aug-2016,125.07,124.88,125.48,124.54,10670148
11-Aug-2016,125.20,124.90,125.38,124.75,11729519
12-Aug-2016,124.70,124.88,125.00,124.18,12158955
15-Aug-2016,124.91,123.90,124.92,123.70,19295130
16-Aug-2016,123.50,123.30,123.92,122.78,14222410
17-Aug-2016,123.66,124.37,124.38,122.85,13794179
18-Aug-2016,124.01,123.91,124.26,123.64,12400816
19-Aug-2016,123.60,123.56,124.16,123.28,11688265
22-Aug-2016,123.33,124.15,124.83,123.11,14386361
23-Aug-2016,124.51,124.37,125.09,124.25,13309452
24-Aug-2016,124.47,123.48,124.69,123.09,12243719
25-Aug-2016,123.12,123.89,124.37,123.10,10730811
26-Aug-2016,124.05,124.96,125.19,123.91,17504824
29-Aug-2016,124.35,126.54,126.73,124.35,15925900
30-Aug-2016,126.60,125.84,126.60,125.15,17804286
31-Aug-2016,125.60,126.12,126.22,125.10,14200636
01-Sep-2016,126.38,126.17,126.63,125.60,13536125
02-Sep-2016,126.85,126.51,126.86,126.00,12118773
06-Sep-2016,126.67,129.73,129.94,126.47,26278408
07-Sep-2016,130.04,131.05,131.98,129.95,27990796
08-Sep-2016,130.92,130.27,131.08,129.81,15676595
09-Sep-2016,129.71,127.10,129.95,127.10,27100680
12-Sep-2016,125.96,128.69,128.76,125.75,21252752
13-Sep-2016,128.03,127.21,128.35,126.66,18016152
14-Sep-2016,126.89,127.77,128.80,126.89,15720388
15-Sep-2016,127.98,128.35,129.10,127.67,15111838
16-Sep-2016,128.20,129.07,129.18,128.20,24119174
19-Sep-2016,129.91,128.65,129.94,128.26,14958794
20-Sep-2016,128.65,128.64,129.17,128.03,11083808
21-Sep-2016,129.13,129.94,130.01,128.39,14068336
22-Sep-2016,130.50,130.08,130.73,129.56,15538307
23-Sep-2016,127.56,127.96,128.60,127.30,28326266
26-Sep-2016,127.37,127.31,128.16,126.80,15064940
27-Sep-2016,127.61,128.69,129.01,127.43,15637111
28-Sep-2016,129.21,129.23,129.47,128.40,12047636
29-Sep-2016,129.18,128.09,129.29,127.55,14532241
30-Sep-2016,128.03,128.27,128.59,127.45,18402944
03-Oct-2016,128.38,128.77,129.09,127.80,13156943
04-Oct-2016,129.17,128.19,129.28,127.55,14307548
05-Oct-2016,128.25,128.47,128.80,127.83,12386753
06-Oct-2016,128.43,128.74,129.06,128.08,11682729
07-Oct-2016,129.04,128.99,129.25,128.33,12804420
10-Oct-2016,129.68,130.24,130.70,129.20,15138720
11-Oct-2016,130.23,128.88,130.64,128.23,17537928
12-Oct-2016,129.01,129.05,129.66,128.46,11072991
13-Oct-2016,128.21,127.82,128.25,126.75,17139306
14-Oct-2016,128.49,127.88,128.95,127.58,13345292
17-Oct-2016,128.20,127.54,128.47,127.32,11351681
18-Oct-2016,128.68,128.57,129.39,128.01,13503967
19-Oct-2016,128.74,130.11,130.47,128.60,16752321
20-Oct-2016,130.07,130.00,130.66,129.50,13167503
21-Oct-2016,129.78,132.07,132.13,129.70,19088794
24-Oct-2016,132.72,133.28,133.40,132.15,17470228
25-Oct-2016,133.50,132.29,133.50,132.22,13336787
26-Oct-2016,131.64,131.04,132.26,130.93,13084731
27-Oct-2016,131.74,129.69,131.80,129.27,16741393
28-Oct-2016,130.50,131.29,132.97,129.93,24545548
31-Oct-2016,132.01,130.99,132.12,130.88,15668982
01-Nov-2016,131.41,129.50,131.94,128.65,22077780
02-Nov-2016,130.23,127.17,130.23,126.28,50190224
03-Nov-2016,122.00,120.00,123.28,119.50,63766260
04-Nov-2016,119.59,120.75,121.93,119.25,30545466
07-Nov-2016,122.83,122.15,123.21,121.35,23008880
08-Nov-2016,122.03,124.22,124.61,121.54,19460768
09-Nov-2016,121.50,123.18,123.81,120.51,31916020
10-Nov-2016,123.93,120.80,124.18,115.27,67846704
11-Nov-2016,119.53,119.02,120.70,118.15,32840136
14-Nov-2016,119.13,115.08,119.13,113.55,51377040
15-Nov-2016,116.73,117.20,118.49,115.83,34681368
16-Nov-2016,114.48,116.34,117.88,114.21,32397948
17-Nov-2016,116.81,117.79,117.79,116.01,18597766
18-Nov-2016,118.39,117.02,119.13,116.84,22879304
21-Nov-2016,118.20,121.77,121.95,117.80,35415368
22-Nov-2016,122.40,121.47,122.98,120.90,26089164
23-Nov-2016,121.23,120.84,121.31,119.94,15672136
25-Nov-2016,121.01,120.38,121.14,120.07,8658605
28-Nov-2016,120.12,120.41,121.69,119.82,18101314
29-Nov-2016,120.57,120.87,122.10,120.40,18890956
30-Nov-2016,120.32,118.42,121.79,117.95,30188922
01-Dec-2016,118.38,115.10,118.45,114.00,43276992
02-Dec-2016,115.11,115.40,116.48,114.30,25070364
05-Dec-2016,115.95,117.43,117.57,115.07,20201528
06-Dec-2016,117.69,117.21,117.79,116.33,19131202
07-Dec-2016,117.00,117.96,117.95,116.57,21913658
08-Dec-2016,117.98,119.39,119.50,117.64,22442756
09-Dec-2016,119.22,118.76,119.94,118.95,17464736
12-Dec-2016,119.22,117.94,119.24,117.65,17805528
13-Dec-2016,117.86,120.73,121.52,117.61,29768028
14-Dec-2016,120.00,120.26,121.69,118.85,25913096
15-Dec-2016,120.08,121.13,122.50,119.63,20139568
16-Dec-2016,120.90,119.22,121.50,119.27,25324300
19-Dec-2016,119.85,119.50,120.36,118.51,15918146
20-Dec-2016,119.50,119.09,119.77,118.80,13684402
21-Dec-2016,118.92,118.54,119.20,118.48,10767646
22-Dec-2016,118.86,117.20,118.99,116.93,16258587
23-Dec-2016,117.00,117.29,117.56,116.30,10889985
27-Dec-2016,116.96,118.13,118.68,116.86,12051481
28-Dec-2016,118.19,117.30,118.25,116.65,12087377
29-Dec-2016,117.00,116.61,117.53,116.06,9934873
30-Dec-2016,116.60,115.90,116.83,114.77,18684106
03-Jan-2017,116.03,117.55,117.84,115.51,20663912
04-Jan-2017,117.55,118.93,119.66,117.29,19630932
05-Jan-2017,118.86,120.35,120.95,118.32,19492150
06-Jan-2017,120.98,123.41,123.88,120.03,28545264
09-Jan-2017,123.55,125.23,125.43,123.04,22880360
10-Jan-2017,124.82,124.89,125.50,124.28,17324590
11-Jan-2017,124.35,125.43,126.12,124.06,18356524
12-Jan-2017,125.61,128.50,126.73,124.80,18653914
13-Jan-2017,127.49,127.93,129.27,127.37,24884324
17-Jan-2017,128.04,127.75,128.34,127.40,15294460
18-Jan-2017,128.41,127.87,128.43,126.84,13145852
19-Jan-2017,128.23,128.22,128.35,127.45,12195465
20-Jan-2017,128.10,127.81,128.48,126.78,19097224
23-Jan-2017,127.31,128.99,129.25,126.95,16593563
24-Jan-2017,129.38,130.24,129.90,128.38,15162724
25-Jan-2017,130.00,132.37,131.74,129.77,18777314
26-Jan-2017,131.63,132.89,133.14,131.44,20020140
27-Jan-2017,132.68,130.32,132.95,131.08,19539514
30-Jan-2017,131.58,130.32,131.58,129.60,18956096
31-Jan-2017,130.17,131.69,130.66,129.52,19790484
01-Feb-2017,132.25,131.97,133.49,130.68,50139776
02-Feb-2017,133.22,132.23,135.49,130.40,54366448
03-Feb-2017,131.24,130.92,132.85,130.76,24804890
06-Feb-2017,130.98,132.48,132.06,130.30,17058494
07-Feb-2017,132.24,132.89,133.00,131.66,14596449
08-Feb-2017,132.60,134.31,134.44,132.44,22390556
09-Feb-2017,134.49,133.85,134.50,133.31,16470609
10-Feb-2017,134.10,133.91,134.94,133.68,15061939
13-Feb-2017,134.70,133.91,134.70,133.70,13526221
14-Feb-2017,134.10,133.30,134.23,132.55,14364877
15-Feb-2017,133.45,133.32,133.70,132.66,13226534
16-Feb-2017,133.07,133.41,133.87,133.02,12831092
17-Feb-2017,133.50,133.41,134.09,133.17,12276490
21-Feb-2017,133.50,134.15,133.91,132.90,14759109
22-Feb-2017,133.60,135.56,136.79,133.46,27360092
23-Feb-2017,135.89,134.93,136.12,134.33,18422548
24-Feb-2017,134.16,135.26,135.62,134.16,12625742
27-Feb-2017,135.26,136.71,137.18,135.02,14306668
28-Feb-2017,136.79,136.82,136.80,134.75,16112092
01-Mar-2017,136.47,137.65,137.48,136.30,16257010
02-Mar-2017,137.09,136.38,137.82,136.31,12294804
03-Mar-2017,136.63,136.73,137.33,136.08,11160563
06-Mar-2017,136.88,137.93,137.83,136.51,12748179
07-Mar-2017,137.03,137.43,138.37,136.99,13527132
08-Mar-2017,137.15,138.03,137.99,137.05,10184514
09-Mar-2017,137.72,139.32,138.57,137.40,15535259
10-Mar-2017,138.91,138.79,139.49,138.22,16314113
13-Mar-2017,138.71,139.26,139.68,138.67,10955450
14-Mar-2017,139.46,139.33,139.46,138.52,12944018
15-Mar-2017,139.29,140.05,140.10,138.49,19344826
16-Mar-2017,140.20,140.11,140.25,139.73,13612942
17-Mar-2017,140.34,139.57,140.34,139.70,20592818
20-Mar-2017,139.71,141.34,140.19,139.25,12099471
21-Mar-2017,141.15,138.33,142.31,138.40,29894784
22-Mar-2017,137.93,139.53,139.79,137.60,17055448
23-Mar-2017,139.48,139.94,140.39,139.09,13022801
24-Mar-2017,140.08,139.07,141.02,139.76,16664683
27-Mar-2017,139.05,140.30,140.65,138.77,12800544
28-Mar-2017,140.36,141.89,141.95,140.01,14679436
29-Mar-2017,141.99,142.56,142.86,141.43,16527574
30-Mar-2017,142.40,142.12,142.95,141.85,12403997
31-Mar-2017,142.31,141.97,142.63,141.89,11478265
03-Apr-2017,141.93,141.90,142.47,140.82,13563960
04-Apr-2017,141.86,142.17,142.09,141.27,12948599
05-Apr-2017,142.26,141.98,143.44,141.29,17158060
06-Apr-2017,142.11,141.26,142.22,140.91,15103426
07-Apr-2017,141.20,141.19,141.55,140.24,11818341
10-Apr-2017,141.00,140.87,141.43,140.63,9039366
11-Apr-2017,140.80,139.75,141.03,138.81,16638087
12-Apr-2017,139.72,139.64,140.40,139.44,11612456
13-Apr-2017,139.62,140.27,140.58,139.33,10965614
17-Apr-2017,139.76,140.95,141.55,139.75,11519663
18-Apr-2017,141.27,141.83,141.90,140.61,14807472
19-Apr-2017,141.35,143.14,143.04,141.27,15563945
20-Apr-2017,142.95,143.90,144.25,142.69,15968164
21-Apr-2017,143.90,144.42,144.17,142.27,12382002
24-Apr-2017,144.96,145.97,145.67,144.34,14407175
25-Apr-2017,145.79,147.41,147.15,145.79,17767524
26-Apr-2017,147.09,146.54,147.59,146.09,12394959
27-Apr-2017,146.67,149.41,147.75,146.14,11275112
28-Apr-2017,149.50,152.02,151.53,149.07,30652248
01-May-2017,151.74,153.05,152.57,151.42,25218300
02-May-2017,153.34,153.05,153.44,151.66,21870380
03-May-2017,153.60,148.90,153.60,151.34,29782492
04-May-2017,150.17,151.30,151.52,148.72,36225452
05-May-2017,151.45,150.07,151.63,149.79,17148544
08-May-2017,150.71,152.27,151.08,149.74,15827488
09-May-2017,151.49,149.58,152.59,150.21,17453860
10-May-2017,150.23,150.23,150.52,148.86,12080650
11-May-2017,150.31,149.90,150.65,149.41,11841864
12-May-2017,150.40,150.36,150.46,149.63,9598229
15-May-2017,150.17,150.08,151.48,149.77,15064664
16-May-2017,150.11,147.90,150.21,149.03,14550830
17-May-2017,148.00,145.27,148.67,144.42,28259582
18-May-2017,144.72,149.04,148.15,144.51,22972960
19-May-2017,148.45,148.50,149.39,147.96,16174117
22-May-2017,148.08,148.76,148.59,147.69,12579003
23-May-2017,148.52,149.04,148.81,147.25,12812218
24-May-2017,148.51,150.20,150.23,148.42,17921888
25-May-2017,150.30,151.76,152.59,149.95,19845316
26-May-2017,152.23,151.85,152.25,151.15,14996185
30-May-2017,151.97,152.98,152.90,151.64,13215768
31-May-2017,152.70,151.84,153.35,151.09,17997032
01-Jun-2017,151.75,151.40,152.29,150.30,14519964
02-Jun-2017,151.85,153.78,153.63,151.30,16843400
05-Jun-2017,153.64,153.76,154.71,153.41,12520387
06-Jun-2017,153.41,153.48,154.52,152.48,13457119
07-Jun-2017,153.27,154.20,153.75,152.34,12066657
08-Jun-2017,154.08,154.58,154.73,153.10,17799448
09-Jun-2017,154.77,147.68,155.59,146.61,35577676
12-Jun-2017,148.17,150.07,149.20,144.56,33170180
13-Jun-2017,150.15,151.40,151.18,148.90,20483350
14-Jun-2017,151.26,150.25,152.40,149.05,20808760
15-Jun-2017,147.67,148.76,150.04,146.37,18977980
16-Jun-2017,149.59,150.64,150.83,148.60,22882416
19-Jun-2017,151.71,152.87,153.57,151.71,19012508
20-Jun-2017,152.88,152.25,153.84,152.21,14734517
21-Jun-2017,152.36,153.91,154.08,151.88,14945914
22-Jun-2017,153.01,153.40,154.55,152.91,13001685
23-Jun-2017,152.72,155.07,155.20,152.65,18015914
26-Jun-2017,156.25,153.59,156.50,153.20,18043336
27-Jun-2017,152.84,150.58,153.31,150.39,19353668
28-Jun-2017,150.92,153.24,153.47,149.86,16708592
29-Jun-2017,152.28,151.04,152.50,148.92,23957366
30-Jun-2017,151.90,150.98,151.92,150.06,17664360
03-Jul-2017,151.72,148.43,152.15,147.80,13862735
05-Jul-2017,149.00,150.34,150.85,148.13,14322175
06-Jul-2017,149.03,148.82,150.04,148.00,14937782
07-Jul-2017,149.25,151.44,151.99,149.19,13550581
10-Jul-2017,151.69,153.50,153.98,151.51,13369997
11-Jul-2017,153.37,155.27,155.42,152.91,13654848
12-Jul-2017,156.49,158.90,159.16,156.20,22716714
13-Jul-2017,158.74,159.26,159.78,158.42,13922237
14-Jul-2017,160.13,159.97,160.32,159.33,16209138
17-Jul-2017,160.25,159.73,160.78,158.81,12820972
18-Jul-2017,159.66,162.86,163.73,159.42,23711698
19-Jul-2017,163.59,164.14,165.70,163.17,26261168
20-Jul-2017,164.80,164.53,165.00,162.81,18464270
21-Jul-2017,164.16,164.43,165.05,163.75,14709013
24-Jul-2017,164.64,166.00,166.17,164.31,17327614
25-Jul-2017,165.01,165.28,165.54,163.86,15335100
26-Jul-2017,166.01,165.61,166.01,164.10,34426848
27-Jul-2017,174.70,170.44,175.49,167.50,68480024
28-Jul-2017,169.07,172.45,173.43,169.05,24550414
31-Jul-2017,172.00,169.25,172.72,168.55,25435580
01-Aug-2017,169.82,169.86,170.47,169.05,14341979
02-Aug-2017,170.30,169.30,170.55,166.91,17183304
03-Aug-2017,169.30,168.59,169.70,168.25,10788006
04-Aug-2017,168.97,169.62,170.06,168.69,10777727
07-Aug-2017,169.95,171.98,172.06,169.66,12782871
08-Aug-2017,171.88,171.23,173.05,170.62,14335005
09-Aug-2017,169.98,171.18,171.45,169.56,10802949
10-Aug-2017,170.06,167.40,170.59,166.85,20810222
11-Aug-2017,167.95,168.08,168.82,166.85,13782591
14-Aug-2017,170.09,170.75,171.08,169.29,12943837
15-Aug-2017,171.49,171.00,171.50,170.01,8716699
16-Aug-2017,171.25,170.00,171.38,169.24,15740178
17-Aug-2017,169.34,166.91,169.86,166.85,17022988
18-Aug-2017,166.84,167.41,168.67,166.21,15080168
21-Aug-2017,167.16,167.78,168.00,165.82,11899383
22-Aug-2017,168.28,169.64,169.87,167.15,11381365
23-Aug-2017,168.84,168.71,169.36,168.20,9839213
24-Aug-2017,168.88,167.74,169.29,166.41,14019289
25-Aug-2017,167.86,166.32,168.38,166.18,12603674
28-Aug-2017,166.91,167.24,167.70,166.33,8504116
29-Aug-2017,165.25,168.05,168.43,165.00,11115821
30-Aug-2017,168.17,169.92,170.18,167.63,11133702
31-Aug-2017,170.40,171.97,172.15,170.06,17222750
01-Sep-2017,172.40,172.02,172.91,171.31,11677589
05-Sep-2017,171.27,170.72,172.39,169.55,13215624
06-Sep-2017,170.91,172.09,172.48,169.57,13895214
07-Sep-2017,171.94,173.21,173.31,170.27,18045444
08-Sep-2017,173.09,170.95,173.49,170.80,10991650
11-Sep-2017,172.40,173.51,173.89,172.20,12355361
12-Sep-2017,173.76,172.96,174.00,171.75,11180998
13-Sep-2017,173.01,173.05,173.17,172.06,9115820
14-Sep-2017,172.26,170.96,172.28,170.50,15573486
15-Sep-2017,170.88,171.64,172.34,170.26,15647693
18-Sep-2017,171.99,170.01,172.07,169.34,12933326
19-Sep-2017,170.62,172.52,172.56,170.36,13067964
20-Sep-2017,172.50,172.17,173.05,170.70,12251224
21-Sep-2017,171.69,171.11,172.27,170.01,11152135
22-Sep-2017,170.21,170.54,171.73,169.22,12056812
25-Sep-2017,169.24,162.87,169.30,161.56,41213860
26-Sep-2017,164.50,164.21,165.50,162.78,23343140
27-Sep-2017,165.90,167.68,168.34,165.57,19156996
28-Sep-2017,167.94,168.73,169.07,167.16,12173442
29-Sep-2017,168.83,170.87,171.66,168.81,15329808
02-Oct-2017,171.39,169.47,171.87,168.75,13381711
03-Oct-2017,169.30,169.96,170.73,169.20,8183466
04-Oct-2017,169.83,168.42,170.67,168.29,12111914
05-Oct-2017,169.18,171.24,171.31,168.60,14567589
06-Oct-2017,170.25,172.23,172.37,169.75,13105510
09-Oct-2017,172.70,172.50,174.88,172.00,14560163
10-Oct-2017,173.00,171.59,173.20,170.80,11337108
11-Oct-2017,171.95,172.74,172.78,171.40,11263699
12-Oct-2017,172.61,172.55,173.85,172.29,10466217
13-Oct-2017,173.45,173.74,174.65,173.20,13637209
16-Oct-2017,174.49,174.52,175.00,174.06,11462796
17-Oct-2017,174.71,176.11,176.13,174.36,15932824
18-Oct-2017,176.65,176.03,176.74,175.75,12733297
19-Oct-2017,174.93,174.56,176.03,172.63,13882728
20-Oct-2017,175.50,174.98,175.88,174.63,12597484
23-Oct-2017,175.20,171.27,175.34,171.25,13836022
24-Oct-2017,172.30,171.80,173.24,171.50,12259091
25-Oct-2017,171.90,170.60,172.25,168.89,15863022
26-Oct-2017,171.38,170.63,172.29,170.39,11753122
27-Oct-2017,174.15,177.88,178.21,173.90,30271970
30-Oct-2017,179.26,179.87,180.69,177.61,24324288
31-Oct-2017,180.57,180.06,180.80,178.94,20104388
01-Nov-2017,182.36,182.66,182.90,180.57,40040028
02-Nov-2017,180.63,178.92,181.94,177.34,35469528
03-Nov-2017,179.29,178.92,179.86,176.71,17807920
06-Nov-2017,178.56,180.17,180.45,178.31,13281541
07-Nov-2017,180.50,180.25,180.75,178.96,12913206
08-Nov-2017,179.79,179.56,180.35,179.11,10483735
09-Nov-2017,178.31,179.30,179.40,177.09,12603402
10-Nov-2017,178.35,178.46,179.10,177.96,11062587
13-Nov-2017,177.50,178.77,179.04,177.30,9520305
14-Nov-2017,178.13,178.07,178.97,177.18,9542437
15-Nov-2017,176.66,177.95,178.57,176.40,10228495
16-Nov-2017,178.76,179.59,179.83,178.50,15236718
17-Nov-2017,179.30,179.00,179.98,178.90,13015378
20-Nov-2017,178.87,178.74,179.50,178.10,9580981
21-Nov-2017,179.15,181.86,181.89,178.99,14488903
22-Nov-2017,181.30,180.87,181.73,180.44,10369650
24-Nov-2017,180.40,182.78,183.15,180.29,9426283
27-Nov-2017,182.56,183.03,183.73,181.99,12338048
28-Nov-2017,183.51,182.42,184.25,182.09,14376027
29-Nov-2017,181.89,175.13,181.97,174.00,41889704
30-Nov-2017,176.85,177.18,178.27,175.20,25194660
01-Dec-2017,176.03,175.10,177.48,172.34,19987610
04-Dec-2017,176.29,171.47,176.57,170.79,24430430
05-Dec-2017,170.45,172.83,175.38,169.01,20166828
06-Dec-2017,172.50,176.06,176.77,171.90,20195532
07-Dec-2017,175.80,180.14,180.39,175.80,20349036
08-Dec-2017,181.53,179.00,182.28,178.74,19515674
11-Dec-2017,179.30,179.04,180.22,178.80,13157513
12-Dec-2017,178.60,176.96,179.18,176.60,16795028
13-Dec-2017,177.30,178.30,179.16,177.25,14610166
14-Dec-2017,178.29,178.39,180.36,177.68,13572768
15-Dec-2017,179.02,180.18,180.49,178.36,28453900
18-Dec-2017,181.01,180.82,181.30,179.75,17210172
19-Dec-2017,179.95,179.51,180.08,178.22,14844023
20-Dec-2017,179.81,177.89,179.81,177.36,11843272
21-Dec-2017,177.94,177.45,178.68,177.05,11145755
22-Dec-2017,177.14,177.20,177.53,176.23,8504974
26-Dec-2017,176.63,175.99,177.00,174.67,8891820
27-Dec-2017,176.55,177.62,178.44,176.26,9494748
28-Dec-2017,177.95,177.92,178.94,177.68,12215221
29-Dec-2017,178.00,176.46,178.85,176.46,10224305
